distance,camera_height,person_height,type,h1,h2,h3,h4,h5
300,101,153.0,front,0.013127,0.229032,0.148882,0.224827,0.254279
300,101,153.0,front,0.016755,0.19941,0.157163,0.192308,0.207792
300,101,153.0,beside,0.027885,0.165629,0.173327,0.238663,0.082311
300,101,153.0,beside,0.023184,0.18068,0.168921,0.220215,0.10268
300,101,153.0,beside,0.024211,0.150979,0.145631,0.187118,0.218795
300,101,170.2,front,0.0165567310128225,0.2133763205335911,0.148488467747965,0.254228779124567,0.2351839951190853
300,101,170.2,front,0.0157984520317103,0.2262704603771609,0.151862486733432,0.2709204465809766,0.2605581261956549
300,101,170.2,front,0.0185560043706705,0.228566242328543,0.1529685180799268,0.3146533492834399,0.2720501442836902
300,101,170.2,front,0.020333814139176,0.2064448738755486,0.1711425986284709,0.2139844134179626,0.1718291805987536
300,101,170.2,front,0.0168944810584904,0.2329545441769975,0.1704244020475036,0.20176601023812,0.1837059122198847
300,101,170.2,front,0.0187005330898478,0.2417390119282813,0.1607084630064074,0.2978362470490434,0.288190690286649
300,101,169.6,front,0.0188422986801722,0.2449123957594801,0.1677139706803135,0.2598344948690065,0.2716693454878067
300,101,169.6,front,0.0179577008519951,0.2546942177289196,0.1575845555389922,0.270656754654979,0.2784223245587671
300,101,169.6,front,0.0185058396742508,0.2386715240704379,0.1662798020325918,0.2643863568604309,0.2560654863122519
300,101,169.6,beside,0.0275165814223939,0.2289034987180767,0.1947854685829978,0.2514473518377065,0.0968099601036435
300,101,169.6,beside,0.0260645940341482,0.2044098921222026,0.1732271498065189,0.2464835724955522,0.0967300949297813
300,101,169.6,beside,0.0300679373713297,0.228892302714243,0.240059499438736,0.2712957302056921,0.1038319773060677
300,101,154.5,front,0.0144035994859937,0.2031923263795837,0.1407270733974004,0.2479953129612593,0.2338099571408567
300,101,154.5,front,0.0151991525204704,0.2448250048879485,0.1462242817556456,0.2670674285642673,0.2723462078277058
300,101,154.5,front,0.0159252676852873,0.2221198065908117,0.1347407255650169,0.2509546766181948,0.2738591668868926
300,101,154.5,beside,0.0256668722238054,0.2284308357730256,0.193195205444676,0.2234402102141702,0.1381603415419414
300,101,154.5,beside,0.0280029792102804,0.2455460939174495,0.1921687799004071,0.2258160114690815,0.0920999415677952
300,101,150.5,front,0.0173853759261607,0.2315940405679319,0.146050692582662,0.2922296264133935,0.2719739415495311
300,101,150.5,front,0.0170796787901028,0.2340213441859768,0.1454282102461874,0.2678227097811012,0.2635490647606403
300,101,150.5,front,0.0159502210678398,0.240629528104255,0.1451881665234861,0.2145245761293412,0.2600234187833956
300,101,150.5,beside,0.0245424784959883,0.177063406607618,0.1569710333104423,0.2033415191829129,0.0828086684178558
300,101,150.5,beside,0.0240537440954123,0.1738771560073467,0.1589231809362707,0.2015736488357184,0.0820572189685618
300,101,150.5,beside,0.0236450230496203,0.1833224260312892,0.1620374566980117,0.20073848855659,0.0861512037213794
300,101,148.8,front,0.0168143039885798,0.2451524123453916,0.1465727718350578,0.2520102515125613,0.2559802228937506
300,101,148.8,front,0.0148931984979659,0.2699808968966223,0.1325763243918571,0.2442679987057522,0.2487055205027432
300,101,148.8,front,0.0151301585918622,0.2410464809482694,0.136343576914545,0.2669553278206045,0.2558608647316719
300,101,148.8,beside,0.0216184864148492,0.2036954219838436,0.2029025980808901,0.2119717446064535,0.08463245364023
300,101,148.8,beside,0.0209891051668059,0.2114296531041752,0.2074330248956366,0.2145896846476004,0.082231063369219
300,101,148.8,beside,0.0222932091563001,0.192468061775677,0.1980418004934868,0.210246718252063,0.0824197987562941
300,101,175.0,front,0.0207078182333867,0.2552755674149884,0.170239770704021,0.2562797019947433,0.2597816391317388
300,101,175.0,front,0.0177144854081323,0.2678722640645677,0.1825521042353929,0.2669199544719852,0.2851607813368301
300,101,175.0,front,0.0200788706254079,0.2564650178615352,0.1721966274046417,0.2470182977345404,0.2784436334006717
300,101,175.0,front,0.0202503488656589,0.2858643236661343,0.1705014234843681,0.246175204644398,0.2791811257270164
300,101,175.0,beside,0.0284901821753741,0.2233380985667026,0.2006510002663438,0.2460025221925486,0.1006469127134685
300,101,175.0,beside,0.0328362532336575,0.2037354894636998,0.1864025006820472,0.2386187725564005,0.1020971358732439
300,101,175.0,beside,0.0278464385494234,0.2277757079457434,0.1992972023797273,0.2484431244850505,0.1001395206308773
300,101,172.4,front,0.0122673567065882,0.2676826375789167,0.160152128435635,0.2189895959966644,0.2705825680074449
300,101,172.4,front,0.0152180061832621,0.2744241273105434,0.1648949205344672,0.2194104873394876,0.2465891904916372
300,101,172.4,front,0.0141889637552924,0.2796695033281867,0.166809548877844,0.3098859033212243,0.2582108576285603
300,101,172.4,beside,0.0347646622528078,0.1797328697367265,0.1976032606474052,0.2459645096502367,0.1340140453694095
300,101,172.4,beside,0.0465343667820913,0.1679813871529299,0.1543306398219451,0.2376764645236234,0.1124358424035628
300,101,172.4,beside,0.0276080307338024,0.2206664570045382,0.2092450243741359,0.2537980531673268,0.1021629099765055
300,101,172.4,beside,0.0479134762751115,0.156524728874389,0.1600571328881887,0.2434949776730892,0.0929726026910375
300,101,167.0,front,0.0202153386499091,0.2432463161276481,0.1611568097259508,0.2773129612112618,0.2896972333958765
300,101,167.0,front,0.0215994192579383,0.2468504254520329,0.1608794476691978,0.2638541307700657,0.2892226636581707
300,101,167.0,front,0.0205310918067043,0.2379782058589211,0.1614126491625234,0.2709285085911291,0.2852380101883413
300,101,167.0,beside,0.0281394969957077,0.2178771808605442,0.2182594003275846,0.2655930549068268,0.1049919224554231
300,101,167.0,beside,0.0279990284627831,0.2359714821220094,0.2306040847338631,0.2722491281307948,0.1124344041045486
300,101,167.0,beside,0.0289177183577322,0.2352628542466451,0.2277561792756295,0.2747314582796321,0.1080492370451273
300,101,160.0,front,0.0170303550199507,0.2307256213965,0.1547600690481733,0.2471108790989357,0.2551321342649131
300,101,160.0,front,0.0171528050171184,0.2192551955076852,0.1538392725941292,0.2059796360181524,0.1890395832318818
300,101,160.0,front,0.0169195854317466,0.215802517911464,0.1549215584505685,0.2077931515861723,0.2105947527615879
300,101,160.0,beside,0.0281647357119928,0.1940530888389166,0.1734280341874919,0.2227929697353562,0.0920820322468462
300,101,160.0,beside,0.0255997687568504,0.1998366039505642,0.1799748519496137,0.2364355296124016,0.0956581508751922
300,101,160.0,beside,0.0275412362320366,0.1927329605184504,0.1860345678369249,0.2209700041675481,0.0857179669081206
300,101,171.0,front,0.0202168043915489,0.2440777899671005,0.1636162513253206,0.251291908329668,0.2617315105373439
300,101,171.0,front,0.0205666077912128,0.2412825505336041,0.1627385462817817,0.2513982130907953,0.2626199930193056
300,101,171.0,front,0.0193824787343364,0.2462962199508883,0.1628056351633125,0.2486814253997966,0.2619069996818051
300,101,171.0,beside,0.0310393843658515,0.2279147244678595,0.1914594973689031,0.2427097217642275,0.0961771688170699
300,101,171.0,beside,0.0347981804680944,0.2211105784022554,0.1885112355546768,0.2377453517180887,0.0923550831055183
300,101,171.0,beside,0.0315337587832058,0.2059393443201406,0.1737977318619931,0.2307327186819097,0.1034854893574094
300,101,171.0,front,0.0223709748051597,0.2160328530628777,0.1640346363223551,0.2361399686392738,0.2551735771294344
300,101,177.0,front,0.0192065442668371,0.2416449436253224,0.1714837505088625,0.308120315474941,0.2849312290348147
300,101,177.0,front,0.0182028096141435,0.2274504809491549,0.171050674019878,0.2933398665498861,0.2768390756097381
300,101,177.0,front,0.0192287811602418,0.2472642643136212,0.1698047518954875,0.3140792696384024,0.2931900670007539
300,101,177.0,front,0.0193230596845329,0.2476313089733906,0.1731561056718186,0.3277955568221323,0.2915174253167138
300,101,177.0,front,0.0194830537084938,0.2505102037630137,0.1805131637641761,0.3035448219331039,0.2809094493562022
300,101,177.0,beside,0.0350658313675943,0.2215803302839523,0.1986037304245888,0.2504065915376049,0.0859226473464024
300,101,177.0,beside,0.0339781482641694,0.2279352317558965,0.210673400278562,0.2571650044944137,0.0911472416817653
300,101,177.0,beside,0.0298979887867625,0.2162729805250082,0.1955977985214696,0.2543152395677986,0.0875645814377876
300,101,161.5,front,0.0169781282425185,0.2479343637809914,0.1545027014995703,0.2296142759511673,0.2566055987836916
300,101,161.5,front,0.015995000294233,0.2380995163347483,0.1529929167764156,0.2431463599825944,0.2620404394534851
300,101,161.5,front,0.0151981081917224,0.2329483141584306,0.1589373172409731,0.246114614063332,0.2537787135340166
300,101,161.5,front,0.0152887481525346,0.219997606017043,0.1580769673341059,0.2372540660363915,0.2518719212339
300,101,161.5,front,0.0134151989729581,0.2324954747522105,0.1519253867856244,0.239212807411446,0.2546636074737418
300,101,161.5,beside,0.0245095464708426,0.1856192358643044,0.1559276588330414,0.1958059150960405,0.0865043776388341
300,101,161.5,beside,0.0238434773313168,0.1969490681482356,0.1639025900248859,0.2001365701111231,0.0895528314462638
300,101,161.5,beside,0.0237952174170566,0.1889232803304032,0.157591149695797,0.20039469818434,0.0875443569923962
300,101,161.5,beside,0.0223923886430186,0.1883461545571674,0.1563967476023323,0.1973454631349325,0.087554286574428
300,101,161.5,beside,0.0258216017631465,0.193192786020407,0.1555540504676285,0.2044013345960302,0.0843937032319652
300,101,173.0,front,0.0191101741439494,0.2633586508487017,0.1618578760951891,0.2453587401327189,0.2859855924826245
300,101,173.0,front,0.0188226991348801,0.2381924788043409,0.1620740239863197,0.2439399968771081,0.2685608039439745
300,101,173.0,front,0.0179471979817233,0.2580339283302247,0.1649435679554562,0.2444058991487828,0.2838900971914547
300,101,173.0,front,0.0165308181210702,0.2671053839880428,0.1668797643266553,0.252460479910696,0.2762681099423985
300,101,173.0,front,0.0197211198483657,0.2517061905576066,0.1647315730691878,0.2186015487475475,0.246701518641318
300,101,173.0,beside,0.0263905895391175,0.2496250592213471,0.2116733445637565,0.2381029675900083,0.1024853106163004
300,101,173.0,beside,0.02356248903931,0.2524681837649692,0.2119270414268136,0.2405758977973875,0.1097452968726219
300,101,173.0,beside,0.0384992839054841,0.2421015142365322,0.2042331511860545,0.2461096832616645,0.1044063892177019
300,101,173.0,beside,0.0299944849489153,0.1693025076020714,0.1593572764563797,0.2208523418839041,0.1097897883653222
300,101,178.0,front,0.0170774104829421,0.234692509364393,0.171439444705271,0.2442637752413252,0.2768793728418347
300,101,178.0,front,0.0181672266559005,0.2220149887710893,0.1643283815306688,0.2428570486209061,0.2454734491142861
300,101,178.0,front,0.0212575315879285,0.2515128462393703,0.165891237533197,0.2432056549699653,0.2733234933605095
300,101,178.0,front,0.0186549750592546,0.2381393457444673,0.1661190116402213,0.239468562850292,0.2511799368956089
300,101,178.0,beside,0.025820587131124,0.2171360373878927,0.2224534625516735,0.256207508620824,0.096178802088405
300,101,178.0,beside,0.0260903079296398,0.2379456908314236,0.2358291071961302,0.2634485861427455,0.1036232258500563
300,101,178.0,beside,0.0261263834292047,0.2365742953059075,0.2339202768883845,0.2757091013170121,0.1056043511622641
300,101,167.5,front,0.0177802208888554,0.2316933402942412,0.1706504165274127,0.2535249201844382,0.2564496678158424
300,101,167.5,front,0.0178264880325599,0.24504068910178,0.162289651826158,0.2485632875208377,0.2683026293563383
300,101,167.5,front,0.0181507610380781,0.2545055739388032,0.1667892733741822,0.2431273077575545,0.2377445097503159
300,101,167.5,front,0.0169634616083744,0.2520308418422184,0.1671710991880942,0.2466337337687942,0.2312663817427497
300,101,167.5,front,0.0168855205694265,0.2318062256649356,0.170106838308473,0.241428652367434,0.1971237161979621
300,101,167.5,beside,0.0284280922689606,0.2121204519084447,0.2212925167648838,0.255394171240995,0.1106264552848622
300,101,167.5,beside,0.0256649931231758,0.2247127747286631,0.2333644264592355,0.2643033459172009,0.1083943840163133
300,101,167.5,beside,0.0262052108657642,0.2329919157218932,0.231029123789737,0.2641793164240587,0.1104303807270618
300,101,167.5,beside,0.0250335701807334,0.2230730669871964,0.2264562337634467,0.2533076447802345,0.1087127307607276
300,101,175.0,front,0.0177183914968322,0.2603736062242842,0.1679242793211789,0.2702722992030694,0.2705298537478224
300,101,175.0,front,0.0170709367342231,0.2572111695034872,0.1679530095869432,0.2689458767466692,0.2831138969011361
300,101,175.0,front,0.0181444678460547,0.2718528953908072,0.1709996887971661,0.2650223563000094,0.276366941604462
300,101,175.0,front,0.0172755319785421,0.2898481183073178,0.1840116234268333,0.2892972585261486,0.2755333246924296
300,101,175.0,front,0.0167264010876244,0.2484711256238274,0.1647979225409454,0.2328752217852967,0.2501308633570919
300,101,175.0,front,0.0189583133619185,0.2466490096734121,0.1675498347790956,0.2673673283654528,0.2537745709320594
300,101,175.0,beside,0.0340421496621344,0.2299391170386524,0.2170015441463818,0.2510133772859731,0.0864515199711916
300,101,175.0,beside,0.0310596814176077,0.2264436000763932,0.2124149816840468,0.2455173252898137,0.0851384630238175
300,101,175.0,beside,0.030334973076505,0.2388038088571092,0.2197532551908541,0.2499187353546397,0.0869819815926432
300,101,175.0,beside,0.0291105876885937,0.2379257321311664,0.2171329762737227,0.2498191853025802,0.0919372960672438
300,101,173.0,front,0.0187991308038753,0.2464493009975673,0.1725806762257924,0.2650798553879857,0.241865893438633
300,101,173.0,front,0.0203637531848052,0.2475791223308714,0.1510150934334839,0.2672585649796778,0.2419810223542615
300,101,173.0,front,0.0164245259948062,0.2485997546269623,0.1793611853768538,0.3073136827228763,0.2783100495012429
300,101,173.0,front,0.020490644019108,0.2481655105628389,0.1825599075192461,0.2766482337556419,0.2592806722669122
300,101,173.0,beside,0.0236612468391507,0.250595641091056,0.2467345689561457,0.2840452501754797,0.1117731681844089
300,101,160.0,front,0.0163677181965246,0.2472712360979735,0.154091706482804,0.2862433831326005,0.2939737085333243
300,101,160.0,front,0.0200385525611441,0.2227625817474291,0.1500849966357947,0.1923851811578533,0.2117414990294839
300,101,160.0,front,0.020070674920643,0.2102509682469102,0.1595581190490055,0.1991159929406939,0.2014428789171636
300,101,160.0,beside,0.0274810546890425,0.1726984284642582,0.1632983089765926,0.2167585665881722,0.0722972892241664
300,101,160.0,beside,0.0268976580121855,0.1560354337470142,0.1675991512606943,0.2074637672204153,0.0725119993079982
300,101,160.0,beside,0.0263791652858821,0.1862763624115922,0.1339257744739133,0.2544906845912217,0.1028958704375246
300,101,170.0,front,0.0179438260848123,0.2288266997476475,0.1722977560221602,0.2238082183304968,0.2061643124973732
300,101,170.0,front,0.0194142208845999,0.231739187343422,0.1631052985170021,0.2156302602762483,0.2111363765379718
300,101,170.0,front,0.0232848365162437,0.2153282440004626,0.173883475022034,0.2121143581717154,0.1880877166815394
300,101,170.0,front,0.0207712729158992,0.2287751667072731,0.172819925737562,0.2430245600673896,0.2937333996750417
300,101,170.0,beside,0.0322984844836445,0.240611395902319,0.222182423754678,0.2572808071121207,0.0883475864002365
300,101,170.0,beside,0.0330239728759885,0.2292687004661657,0.1944742758423448,0.246250043891936,0.0888933443881484
300,101,170.0,beside,0.0345809047669674,0.2475480464534254,0.2079730524593828,0.260667378800677,0.090422838953814
300,101,160.0,front,0.020199325288074,0.2222152936506944,0.1562347333140626,0.268394726645248,0.251032515360014
300,101,160.0,front,0.0173082649476366,0.2175708195679594,0.1587610955199486,0.2645087045669512,0.2539347396531988
300,101,160.0,front,0.0183724192265356,0.2160242710139262,0.158757450034755,0.2568029819686692,0.2503757658770441
300,101,160.0,front,0.0179005308047297,0.2418497317845108,0.1514313856811027,0.2876962778532966,0.2672558492044745
300,101,160.0,beside,0.0266322683849523,0.2218109584640499,0.2061281411823175,0.2333436744068288,0.1634303473233429
300,101,160.0,beside,0.0240829344755495,0.2333097999370347,0.2070933866133634,0.233488030030342,0.1482077178569352
300,101,160.0,beside,0.0270206460297708,0.2040501809159447,0.169262787595737,0.2227028933867636,0.1476690775031509
300,101,162.5,front,0.0201753980018942,0.2161875452943405,0.1514183180736471,0.1935092041504051,0.2274355492358337
300,101,162.5,front,0.016153229514975,0.2181910757243302,0.1580120700508263,0.2713239768835973,0.2715442326068625
300,101,162.5,front,0.0175467876405981,0.2082626319478386,0.1514211985888144,0.2675546078833364,0.2656189233259088
300,101,162.5,front,0.0127076513601109,0.212534340596091,0.1538810468091718,0.2713419291925656,0.2651037900041769
300,101,162.5,beside,0.0282018993537819,0.185401236393834,0.1631959315446361,0.2144362685813165,0.0845719928497004
300,101,162.5,beside,0.025959011752689,0.2016794875518181,0.1649660932518163,0.2284974770159394,0.0855190263406156
300,101,162.5,beside,0.0261056970035223,0.1878292146542515,0.1607888730640457,0.2212099808249865,0.0848221778501944
300,101,173.0,front,0.0198895498641072,0.2262291861015752,0.1654779482284458,0.2717208945672307,0.2828766797266518
300,101,173.0,front,0.0187837683305039,0.217729468700259,0.173493866092567,0.2213976478946188,0.2439153616699328
300,101,173.0,front,0.02181415977694,0.2206375349681006,0.1610514450102876,0.1962487688121883,0.2172046894692287
300,101,173.0,front,0.0188542780433903,0.2085215959494939,0.1752451041300561,0.224103152659012,0.2196765943550177
300,101,173.0,beside,0.026913017533436,0.2192265457987522,0.227712828907179,0.2686944960119503,0.1086325654643955
300,101,173.0,beside,0.0295751000888984,0.2219895972350794,0.225544555224702,0.263911899228523,0.1153247310545753
300,101,173.0,beside,0.025948190438336,0.2238700780592061,0.2145488883842524,0.2659393639465076,0.1147890361907753
300,101,173.0,beside,0.0274160148922394,0.2140633343950502,0.2086060290954411,0.2729968043446545,0.1638989330326895
300,101,166.0,front,0.0191584840522315,0.237413941185717,0.1594600780557211,0.238617717930609,0.2531498941210889
300,101,166.0,front,0.0206304177037804,0.2439672523544309,0.1608911044657931,0.2440862991913641,0.2606637012433661
300,101,166.0,front,0.0213911495843204,0.2702321015484742,0.1586145345562703,0.2570882131932512,0.2936197644733709
300,101,166.0,beside,0.0205791815044886,0.2198492301184505,0.199133747574784,0.2352377865921525,0.1001325022013322
300,101,166.0,beside,0.0227911319828601,0.2232749680770343,0.2061678660830369,0.246079654515251,0.1023662193931526
300,101,166.0,beside,0.0189185415256181,0.2294352275559497,0.2097489916527092,0.2407556992470417,0.1136848364145766
300,101,166.0,beside,0.0286103975566867,0.2368211805317627,0.2131310383598166,0.2488111156451025,0.112071451085399
300,101,170.0,front,0.01712523250271,0.2419063454919896,0.1608260028583925,0.3075763290427694,0.2849690712607649
300,101,170.0,front,0.0185553654733958,0.2395913831895939,0.1614014877832875,0.2996585596576774,0.2791056646543485
300,101,170.0,front,0.0152447926377962,0.252285925719645,0.1688429435230853,0.30127466530008,0.283177563037185
300,101,170.0,front,0.0162001185760304,0.2278688723298299,0.1619097164597984,0.2912798700871996,0.2716464415131598
300,101,170.0,beside,0.0253177265274929,0.2122386391690838,0.1943035250417399,0.246135636775696,0.0926683276230445
300,101,170.0,beside,0.0246579620838022,0.2101441870920529,0.1831274783584362,0.2398385077308403,0.0981952786679321
300,101,170.0,beside,0.0232795222514625,0.2331899978394063,0.2097718347969981,0.2504328635401083,0.0927910432513788
300,101,170.0,front,0.021616894085025,0.2580972365314538,0.1679956136049639,0.2266941848206416,0.2247298020586474
300,101,170.0,front,0.0202965269039194,0.2759548634123054,0.1738811308121058,0.2350798451502528,0.2263711035643417
300,101,170.0,front,0.0203088792534303,0.2803908633974795,0.1718499380351285,0.2268699055601255,0.2272487834720305
300,101,170.0,front,0.0219318612751506,0.2452989814446212,0.161292131944942,0.2339616094488622,0.2423233401473352
300,101,170.0,beside,0.0268514972274748,0.2311643222628266,0.207207209745055,0.2416932639189701,0.1538929276141039
300,101,170.0,beside,0.027247202189578,0.2459252651996857,0.2154351698882158,0.2447518732012591,0.0984604427847699
300,101,170.0,beside,0.0297365991564311,0.2445170875493806,0.2138845525947425,0.2465876711982372,0.1018641854905766
300,101,162.0,front,0.0212869016342254,0.2609400524726705,0.187301294552649,0.2636228567098098,0.2562374897668574
300,101,162.0,front,0.0207672573934834,0.2554469589616847,0.183362340194123,0.267204058085649,0.2526857291724886
300,101,162.0,front,0.0197137754167164,0.2684703952546957,0.1717678113119826,0.234372288621333,0.2366667795577097
300,101,162.0,beside,0.0244767577157136,0.2440887637535531,0.2334528624513526,0.2495167800281626,0.1075714186206842
300,101,162.0,beside,0.0250889994486967,0.2406704181116311,0.2190123053954374,0.2471014584466288,0.1060637705505883
300,101,162.0,beside,0.0238694839998969,0.2590678508678924,0.2322323277895703,0.2474574348331228,0.1048967489979916
300,101,175.0,front,0.0188724145370111,0.2610152363434297,0.1893626513500179,0.2956434310445952,0.2740806119248982
300,101,175.0,front,0.0183216862198106,0.2634637226049165,0.1925321804325235,0.2912809329712792,0.2726708865527502
300,101,175.0,front,0.0167544934286281,0.2649250269178544,0.1796622498178425,0.3015043803275964,0.2817864234706442
300,101,175.0,beside,0.028952064946581,0.2618682235253735,0.2193260522170829,0.2667060854520405,0.0919605508611371
300,101,175.0,beside,0.0303180980088415,0.2227414732812938,0.1987454263373117,0.2584008885660976,0.0878449007931659
300,101,175.0,beside,0.0276703282636878,0.260938742538403,0.2166572386164884,0.2666770385617371,0.0940735906793267
300,101,168.6,front,0.0144961925283457,0.2571402900983256,0.1829003026871029,0.2897408209693718,0.2638881285326418
300,101,168.6,front,0.0153810554011374,0.2384840669087178,0.175938967091865,0.2647917810583401,0.2494652213090437
300,101,168.6,front,0.0150053933043304,0.2260172976951855,0.1760651986771363,0.2690896909926791,0.243891464233982
300,101,168.6,front,0.0158031098033119,0.2207541515436647,0.1731687552314955,0.2705929002132488,0.2433606438542237
300,101,168.6,beside,0.0313638924344901,0.1990828644111174,0.1860809083084545,0.2240375227846057,0.1006976992908949
300,101,168.6,beside,0.0298509978615093,0.2049266351215003,0.192812398551709,0.2262714458223951,0.1022055324581217
300,101,168.6,beside,0.0302817672542799,0.2117544422589854,0.1974902417613668,0.2389718150157866,0.081764070438906
300,101,168.6,beside,0.0326343222018188,0.2173156050010352,0.2026388448174947,0.233828370075831,0.101793461706018
300,101,156.0,front,0.0143596369393453,0.2061268919959114,0.137451574617651,0.2279521036886971,0.2553739907379443
300,101,156.0,front,0.0148477825543301,0.2055634669592508,0.1345179493968736,0.2192596977845161,0.2450473790049947
300,101,156.0,front,0.0143486528985667,0.2071727761319286,0.1390799012014134,0.2187725654825566,0.2527456288951149
300,101,156.0,front,0.0148468205629469,0.2169988604893137,0.1397398338625607,0.2175819857318144,0.2555145067064761
300,101,156.0,beside,0.0259323631196356,0.1897934927754152,0.1402550811491386,0.2044840891865149,0.1544929374668102
300,101,156.0,beside,0.0245794291508893,0.1763489491090853,0.1419572218725492,0.1920465588954292,0.1759672702224395
300,101,156.0,beside,0.0227225255290596,0.1843849265678035,0.1381399348845412,0.1950667464642367,0.1756439833726683
300,101,165.0,front,0.0215654740664074,0.2526473499872678,0.1640029719028345,0.2653338618107851,0.2537145961380569
300,101,165.0,front,0.0201435675934853,0.2573689666736959,0.1471743260644103,0.2589136279054154,0.2632788281953523
300,101,165.0,front,0.0190893380509093,0.2250265778541131,0.1558297614315991,0.2429605896586639,0.2497369222831639
300,101,165.0,front,0.0201077835035961,0.2421798618123342,0.1511203251094481,0.2635233691269343,0.2749007383692194
300,101,165.0,front,0.0188279205748761,0.2289685938901439,0.1535877452612135,0.2510367062084765,0.257151942311537
300,101,165.0,beside,0.0275701648493469,0.2065374039932908,0.2029975600823337,0.2530400341538277,0.10111175020279
300,101,165.0,beside,0.0274762899815557,0.2161255152007999,0.2006503154341447,0.2474250521728424,0.0993096079122373
300,101,165.0,beside,0.0243397626905082,0.2189323218801593,0.2060485740054068,0.2497332504134978,0.0974135797034043
300,101,165.0,beside,0.023555072636447,0.2291587205367273,0.2106438035423742,0.241274004083575,0.0949473362927505
300,101,169.0,front,0.0238222721067782,0.2462223377522604,0.1731749676256432,0.2774887929810815,0.2565139823291017
300,101,169.0,front,0.0175140427507474,0.2380704366011532,0.1735174266915327,0.2856421592324544,0.2495939820705119
300,101,169.0,front,0.0145072256035934,0.2287518855111601,0.16966909511914,0.2748666632611197,0.2454827020511546
300,101,169.0,front,0.026512695501272,0.2692709509669249,0.1607281659011875,0.2478284913104572,0.2656411878168602
300,101,169.0,beside,0.0287625057899783,0.2298505924960571,0.1931263112138215,0.2321863888923759,0.1020054894778311
300,101,169.0,beside,0.0237556606621667,0.2283206247885235,0.2032636556991074,0.2303293243033572,0.1028373174460417
300,101,169.0,beside,0.0249518395204885,0.2203466290601442,0.2013129561895413,0.2358318603674613,0.1005194666639757
300,101,174.0,front,0.0245517684363033,0.2219588828543447,0.1656844531975528,0.2493490115723987,0.2666290366380309
300,101,174.0,front,0.0263919968546642,0.2082890333561938,0.1541863904652846,0.2451817367296949,0.2527723138253755
300,101,174.0,front,0.0218040650539182,0.2261062986674203,0.1699322323462381,0.2544669496890978,0.2638227283372115
300,101,174.0,beside,0.0270266418939311,0.2084059923200117,0.2130469769702914,0.2488492330242318,0.1039908640633008
300,101,174.0,beside,0.0281738245845956,0.2124276757695997,0.221651622747109,0.2512110170645708,0.1062247820175362
300,101,174.0,beside,0.0267564963473508,0.2133045653998306,0.2156909321054365,0.2540772044099829,0.1105821370777414
300,101,174.0,beside,0.0261500204494487,0.2226573987285481,0.227331304191128,0.2569939894450112,0.1079999604090075
300,101,155.0,front,0.0186576288765504,0.2247538334527793,0.1466009198671081,0.2393265769134169,0.2476074039389164
300,101,155.0,front,0.018317909891228,0.2408354852182975,0.1500274224796687,0.2252038515767929,0.2424103727150866
300,101,155.0,front,0.0167484224058324,0.2190743184259449,0.1466165474245559,0.2358093392019261,0.2427133595863557
300,101,155.0,beside,0.0259208448151609,0.1725498337501889,0.161589297152944,0.2237523983016064,0.0980688191822609
300,101,155.0,beside,0.0241375646565996,0.2005694571736587,0.1996286512409172,0.2335253482289866,0.099098565738439
300,101,155.0,beside,0.0229557782135584,0.178304542391265,0.1745694616318143,0.2211770242555877,0.0965604463248817
300,101,156.0,front,0.0130035303142755,0.2345023559079054,0.1403340907957399,0.2518125361967884,0.2742371319060117
300,101,156.0,front,0.0124654297068053,0.2211583593425547,0.1387092659773033,0.2616796901950647,0.2655303437582323
300,101,156.0,front,0.0145823180013377,0.2322976682169039,0.1381145332696743,0.2587038929038087,0.2571344874212776
300,101,156.0,beside,0.0278817878529827,0.2094950387871328,0.1774375093813992,0.2146088596377679,0.0837177012079533
300,101,156.0,beside,0.0252546131284187,0.2147316727778731,0.1826594422086589,0.2128853802944365,0.0825477609786582
300,101,156.0,beside,0.0276193675207435,0.2062472086112375,0.1758058618499778,0.2045759111632282,0.0825149732488506
300,101,150.0,front,0.0155300513534963,0.2121173180641575,0.1411556721837544,0.2171812207949029,0.2217931497832077
300,101,150.0,front,0.0166174861840808,0.2075277566488134,0.144336013028771,0.2158186069249634,0.229617962798181
300,101,150.0,front,0.0165629532933966,0.210911215035711,0.1435507703613357,0.2128981604841932,0.2214377451516768
300,101,150.0,beside,0.0242560664777937,0.188183333499857,0.1734657196717469,0.2119093692366222,0.0919633461201253
300,101,150.0,beside,0.0241532502330631,0.1961955214268809,0.189266271538137,0.2146166789705688,0.0896020083654598
300,101,150.0,beside,0.0256931943075175,0.1738916518445686,0.1640317191576368,0.208792198170855,0.0882611151355495
300,101,178.3,front,0.0206221855553032,0.2539461818489239,0.1839487011913367,0.2874760605343767,0.2751549768720676
300,101,178.3,front,0.0202493315990989,0.3021305101246398,0.1920891430049686,0.3056381691170606,0.2886880545433541
300,101,178.3,front,0.0206247995148384,0.3063949251981055,0.1880826435837708,0.303019711409309,0.2898081760956666
300,101,178.3,beside,0.0297094799528056,0.2253759811959005,0.2028829777942415,0.2526168078428862,0.0992399363008984
300,101,178.3,beside,0.0273701828605616,0.2221201027337913,0.1965883668164974,0.2471736854590092,0.0992188735600144
300,101,178.3,beside,0.029468651273224,0.2084230748213942,0.1840431764539762,0.2449849564235779,0.1088825316143742
300,101,178.3,beside,0.0287987578298134,0.2251034577135235,0.2073270359309108,0.2531321346864735,0.093742578160068
300,101,172.5,front,0.012225919140708,0.2408720248862367,0.163211272892723,0.249355922430716,0.2689783564194471
300,101,172.5,front,0.014963209797273,0.2362272143684692,0.1623942632637074,0.2544389744015966,0.2780879727566536
300,101,172.5,front,0.0155122352723269,0.2213123210341062,0.1559657246866678,0.2543268816442898,0.2698702964010895
300,101,172.5,front,0.0130871417344297,0.2217077571567263,0.1617774197466667,0.2486084497582513,0.2711985461941367
300,101,172.5,beside,0.0349430758199818,0.185240752208485,0.1770746406916208,0.2505130011256404,0.1833624581777663
300,101,172.5,beside,0.0372220961510037,0.18731608848025,0.1789924846997788,0.2531194025663096,0.1956029262259021
300,101,172.5,beside,0.0142218656662691,0.1840642863815115,0.1770346055760624,0.2575144158953046,0.1853347202830509
300,101,162.5,front,0.0152235080741017,0.213758542326965,0.1535584679904743,0.209055031700191,0.2190822841101269
300,101,162.5,front,0.012208841572589,0.2234401347058532,0.1552023072820144,0.2064990946839896,0.2468033246851558
300,101,162.5,front,0.0134470843949925,0.2019148863091388,0.1566476165663211,0.2113507845190708,0.2470376568613244
300,101,162.5,beside,0.0170712262715413,0.1730255651842174,0.1498472646127588,0.209668420009831,0.0989496636055407
300,101,162.5,beside,0.026070891676261,0.176435755558817,0.1441789583719936,0.2163063392483372,0.0977666159839501
300,101,162.5,beside,0.0267470312054448,0.177037048836937,0.1539970019281673,0.2136521913437491,0.0992288322257364
300,101,171,front,0.0190938624233208,0.2603528326830508,0.14326947672471693,0.26297498777178585,0.27293301818961696
300,101,171,front,0.01746619384597374,0.2594284435748945,0.16520478897232474,0.2777232689211738,0.28048609470763564
300,101,171,front,0.018563886566388986,0.26625931865773383,0.15710093806179112,0.2767651955415527,0.2809259263481285
300,101,171,front,0.017517761204683555,0.266298316911057,0.16476501547062125,0.2755131321737308,0.28776228616604704
300,101,171,beside,0.02500869653593642,0.2082554702737043,0.19952413575789824,0.2653089666148768,0.21969962481164934
300,101,171,beside,0.023407031037506503,0.2156243106682596,0.20812803811172637,0.26280648779007,0.21642208858906084
300,101,171,beside,0.02776830991448302,0.21235171382617513,0.19448157962841015,0.266262479704175,0.20565482155116768
300,101,171,beside,0.029355131874503084,0.20792009605198344,0.20682999138848443,0.2715733575542206,0.20800065353469266
300,101,152,front,0.013055339691195265,0.21238118265750108,0.142948916593018,0.25816730457642834,0.2587855843615109
300,101,152,front,0.0177618916063475,0.20570405776383036,0.14327260080327323,0.2401808545117714,0.2525957807108366
300,101,152,front,0.01763601273846146,0.2118268701632531,0.13981147885880477,0.24852914914905427,0.25797527321564007
300,101,152,front,0.0182996014375636,0.20867004877992654,0.14272372414135523,0.25204046763074117,0.25892898826813837
300,101,152,beside,0.0188291457866666,0.19605335305086036,0.18146130892103196,0.2234401630721043,0.09626767553396047
300,101,152,beside,0.017263520458578367,0.2080839227128551,0.180162744565704,0.22201269873600454,0.1016319672805206
300,101,152,beside,0.01665150718265421,0.2014975399153789,0.18767124860615567,0.23231256208201428,0.10055068852271812
